kategori,kalori,protein,lemak,karbo,harga,skor_kesehatan
Protein,383,18.3,7.1,38.3,41337,67.80000000000001
Buah,92,2.0,1.3,22.9,52038,25.599999999999998
Minuman,20,6.7,2.2,28.0,32525,39.199999999999996
Buah,85,1.8,1.2,20.9,42135,23.3
Sayur,33,2.2,0.9,7.6,8758,11.1
Karbohidrat,378,9.0,1.4,76.3,21766,92.89999999999999
Protein,241,17.2,12.7,1.1,53519,22.8
Sayur,56,4.8,0.9,5.1,37473,13.799999999999999
Sayur,41,3.8,1.0,4.3,31066,10.899999999999999
Sayur,15,2.7,0.0,7.2,21517,12.600000000000001
Protein,167,25.3,2.4,1.2,98570,49.400000000000006
Minuman,107,0.5,2.6,24.5,25552,22.9
Lainnya,579,25.9,41.4,33.0,83529,43.4
Protein,215,21.8,5.8,1.7,34968,39.50000000000001
Lainnya,437,26.2,29.9,47.6,57656,70.1
Protein,287,22.1,9.8,2.4,111526,36.8
Protein,278,23.0,11.0,3.5,81959,38.5
Lainnya,511,15.4,14.7,13.3,83459,29.400000000000002
Buah,67,0.8,1.9,25.8,26229,25.500000000000004
Protein,152,22.0,7.7,1.0,103252,37.3
Sayur,32,1.1,0.6,9.3,5771,10.9
Sayur,58,2.5,0.0,5.9,36249,10.9
Lainnya,304,28.1,11.6,38.9,61778,83.5
Buah,68,0.8,1.5,16.7,57320,16.8
Protein,260,26.2,20.6,1.0,125953,32.8
Protein,296,26.4,16.4,2.1,92427,38.5
Lainnya,139,19.0,11.2,55.9,65302,82.7
Sayur,22,4.2,0.5,7.3,13831,15.2
Protein,127,7.2,4.8,13.6,25139,23.2
Minuman,74,7.6,3.6,29.6,11316,41.199999999999996
Protein,188,29.4,22.4,4.4,89877,40.8
Karbohidrat,357,7.4,2.9,78.9,15857,90.8
Lainnya,557,26.9,13.0,21.9,71298,62.69999999999999
Lainnya,386,18.0,27.4,46.2,71646,54.800000000000004
Buah,61,0.3,1.5,14.9,38297,14.0
Karbohidrat,342,7.7,1.5,75.8,12766,89.7
Protein,152,14.9,6.9,36.2,53135,59.1
Lainnya,446,20.4,21.2,36.4,41153,55.999999999999986
Protein,129,22.5,9.9,0.6,43822,35.7
Buah,59,0.3,0.2,25.9,20732,26.3
Buah,106,2.2,1.3,17.4,52313,20.499999999999996
Buah,42,2.2,0.4,24.1,25470,28.1
Karbohidrat,343,8.9,2.4,76.2,12815,91.6
Minuman,54,3.3,4.4,14.5,6467,16.700000000000003
Karbohidrat,375,8.1,1.6,80.4,18287,95.00000000000001
Protein,175,21.0,13.4,2.7,172225,31.300000000000004
Minuman,140,2.0,0.0,3.8,20767,7.8
Lainnya,201,19.9,15.7,32.8,25223,56.89999999999999
Buah,94,1.5,1.5,13.8,17587,15.3
Lainnya,56,3.4,0.1,5.2,5004,11.9
Protein,155,18.5,14.6,1.5,63996,23.9
Lainnya,376,7.0,2.5,76.9,19710,88.4
Minuman,43,7.6,4.9,19.8,15389,30.1
Protein,184,9.6,27.5,48.3,21880,40.0
Lainnya,440,19.5,41.3,41.5,89408,39.2
Protein,146,18.6,14.0,1.3,160860,24.5
Buah,94,2.4,0.5,15.2,33668,19.5
Lainnya,571,22.7,43.7,28.1,40036,29.799999999999997
Buah,109,2.6,0.3,20.4,18681,25.299999999999997
Minuman,95,7.3,1.4,13.8,36528,27.0
Protein,163,15.4,15.5,0.6,72163,15.900000000000002
Lainnya,348,6.6,2.9,79.5,16595,89.8
Protein,222,25.4,6.0,2.3,57187,47.099999999999994
Karbohidrat,447,17.8,10.9,54.2,87137,78.9
Protein,280,8.1,18.7,55.8,61589,53.3
Sayur,34,3.6,0.6,6.0,38877,12.6
Protein,93,3.6,6.1,27.1,39737,28.200000000000003
Minuman,141,2.7,2.2,28.5,7162,31.7
Protein,135,23.7,6.3,1.9,67650,43.0
Lainnya,337,22.1,14.8,35.2,87421,64.60000000000001
Protein,170,26.7,7.9,1.6,65053,47.1
Lainnya,326,4.0,10.1,44.0,80637,41.9
Karbohidrat,350,6.0,0.7,75.2,21620,86.5
Lainnya,424,24.0,42.2,14.1,29037,19.9
Lainnya,380,16.8,41.5,13.7,39163,5.799999999999997
Protein,159,23.9,14.6,4.6,121608,37.8
Minuman,62,6.0,1.5,20.2,14361,30.700000000000003
Lainnya,492,28.8,33.7,44.7,16060,68.60000000000001
Protein,231,23.1,5.1,2.5,62634,43.6
Lainnya,380,6.3,1.2,75.1,19201,86.49999999999999
Protein,247,23.4,6.1,1.7,96451,42.4
Sayur,26,2.7,0.7,10.8,16806,15.500000000000004
Protein,337,16.8,13.0,22.2,13719,42.8
Lainnya,321,12.0,4.8,33.4,56028,52.6
Protein,162,17.0,16.9,2.4,68998,19.5
Karbohidrat,207,13.7,15.7,15.3,42544,27.000000000000004
Protein,146,26.1,21.5,3.5,56960,34.2
Minuman,83,1.9,7.5,27.0,35000,23.3
Lainnya,128,12.6,13.6,11.8,10239,23.4
Lainnya,335,29.7,26.1,48.0,48546,81.30000000000001
Protein,71,7.1,3.4,15.4,9404,26.200000000000003
Lainnya,161,19.0,26.6,54.4,11909,65.80000000000001
Lainnya,370,7.4,2.9,77.8,19460,89.69999999999999
Karbohidrat,369,8.8,1.9,79.2,14738,94.9
Lainnya,309,25.3,18.4,21.0,20815,53.199999999999996
Karbohidrat,346,7.4,1.8,80.4,15562,93.4
Protein,162,20.4,20.7,4.7,168081,24.8
Lainnya,55,2.2,0.6,23.2,42055,27.0
Minuman,130,3.1,1.8,10.5,26144,14.899999999999999
Protein,146,17.2,20.3,49.0,16528,63.10000000000001
Protein,243,20.5,16.2,0.1,43181,24.900000000000002
Protein,206,23.4,2.8,1.2,33474,45.2
Karbohidrat,377,8.3,0.6,80.5,21407,96.5
Lainnya,365,6.3,0.5,75.6,14752,87.69999999999999
Lainnya,379,4.8,9.1,43.7,33210,44.2
Buah,112,0.2,0.8,14.0,9073,13.6
Lainnya,376,26.7,13.3,29.6,37958,69.7
Karbohidrat,355,8.5,0.8,75.2,19033,91.4
Karbohidrat,360,7.2,0.6,75.6,17167,89.4
Protein,241,15.7,3.7,0.6,106608,28.3
Protein,234,20.9,21.9,3.9,95691,23.799999999999997
Lainnya,303,32.3,20.8,47.2,61714,91.0
Lainnya,563,26.4,40.1,27.4,28096,40.09999999999999
Protein,223,27.4,3.7,0.3,93337,51.39999999999999
Lainnya,553,16.6,12.2,26.5,66034,47.5
Lainnya,501,21.7,22.9,35.5,21540,56.00000000000001
Minuman,27,5.7,7.4,24.3,10035,28.300000000000004
Protein,132,25.4,9.0,0.8,86347,42.599999999999994
Karbohidrat,346,8.8,2.0,78.3,16947,93.9
Lainnya,244,3.3,8.1,10.2,41628,8.699999999999998
Protein,282,26.0,14.0,1.8,163480,39.8
Sayur,37,1.4,0.8,7.9,37759,9.899999999999999
Karbohidrat,358,8.4,1.3,79.5,13808,95.0
Lainnya,354,7.8,2.5,79.5,20443,92.6
Protein,21,4.2,6.6,23.6,36355,25.4
Buah,109,1.2,1.6,26.4,25816,27.199999999999996
Sayur,51,4.2,0.7,7.5,14552,15.200000000000001
Minuman,109,5.8,3.4,4.4,19672,12.6
Lainnya,471,31.4,16.5,49.3,49838,95.6
Lainnya,460,34.1,41.7,10.5,85615,37.0
Protein,142,17.8,17.5,0.4,97732,18.5
Protein,280,18.5,23.2,5.0,159848,18.8
Protein,299,23.9,5.4,3.5,157123,45.9
Protein,216,21.9,12.8,1.1,29266,32.099999999999994
Protein,138,25.9,1.3,0.1,116302,50.6
Lainnya,391,31.3,17.6,39.0,48681,84.0
Buah,84,1.4,0.9,24.0,12108,25.900000000000002
Lainnya,565,18.9,18.7,12.1,78884,31.2
Buah,104,2.9,0.7,22.3,57591,27.400000000000002
Buah,42,2.2,0.2,27.4,16369,31.599999999999998
Karbohidrat,367,7.4,0.6,79.4,19161,93.60000000000001
Minuman,17,5.0,4.3,6.6,39351,12.3
Buah,58,2.6,0.2,26.4,30243,31.4
Lainnya,578,32.8,14.3,19.1,44043,70.39999999999999
Protein,151,21.7,6.8,1.0,144840,37.6
Karbohidrat,118,4.2,24.3,11.8,12528,-4.099999999999998
Karbohidrat,212,15.2,9.1,53.2,89754,74.5
Protein,53,4.9,0.4,5.8,35283,15.200000000000001
Lainnya,349,31.4,31.8,38.1,24686,69.10000000000001
Protein,214,17.0,7.1,1.3,56255,28.199999999999996
Buah,72,2.2,0.6,13.6,11092,17.4
Protein,141,18.3,9.4,1.2,119627,28.400000000000006
Lainnya,344,6.0,1.7,76.5,21309,86.8
Minuman,46,7.5,0.7,28.3,14701,42.599999999999994
Karbohidrat,373,7.7,2.7,77.6,13152,90.3
Lainnya,596,28.4,20.5,31.2,21605,67.5
Protein,118,20.1,7.9,0.6,40585,32.900000000000006
Protein,294,14.6,10.1,18.2,63217,37.3
Protein,246,28.9,15.6,1.5,141633,43.699999999999996
Minuman,68,7.7,0.4,20.2,37559,35.2
Sayur,23,4.3,0.5,4.3,10802,12.399999999999999
Protein,286,24.8,23.7,1.0,111086,26.900000000000002
Protein,170,23.2,11.4,4.8,152890,39.8
Sayur,29,3.0,0.6,8.6,33737,14.0
Protein,258,21.4,3.5,2.6,122702,41.9
Karbohidrat,288,10.5,5.1,28.7,94304,44.6
Minuman,132,2.9,2.1,3.6,7719,7.300000000000001
Sayur,60,4.3,0.9,4.6,13516,12.299999999999999
Protein,128,21.0,5.7,2.6,103374,38.9
Buah,69,0.8,0.6,18.9,59161,19.9
Protein,233,19.8,5.8,0.5,32516,34.300000000000004
Lainnya,357,7.8,2.7,78.0,17120,90.89999999999999
Lainnya,326,28.1,44.1,37.1,48314,49.20000000000001
Buah,71,2.2,1.0,8.6,58683,12.0
Protein,289,21.9,4.4,1.7,176905,41.1
Lainnya,429,2.0,29.6,55.9,44481,30.299999999999997
Minuman,30,2.5,2.3,4.0,11709,6.7
Protein,160,24.1,9.8,1.6,73239,40.0
Sayur,22,2.0,0.7,11.5,26298,14.8
Buah,113,2.1,1.7,24.6,45495,27.1
Minuman,105,1.2,4.4,25.3,35363,23.299999999999997
Sayur,34,2.9,0.6,5.9,28957,11.1
Sayur,38,4.5,0.7,11.7,15781,20.0
Lainnya,337,28.5,11.5,29.4,46951,74.9
Lainnya,590,22.3,27.1,21.5,62986,38.99999999999999
Minuman,147,7.8,6.7,24.2,38630,33.099999999999994
Lainnya,563,25.1,29.7,47.9,17336,68.39999999999999
Protein,100,17.7,16.9,0.8,91378,19.299999999999997
Protein,180,19.2,7.9,4.4,94226,34.9
Protein,244,25.0,4.5,0.5,160732,46.0
Protein,148,28.9,9.3,0.6,51989,49.099999999999994
Lainnya,306,16.9,36.1,40.4,67013,38.09999999999999
Protein,167,27.4,6.7,0.9,88514,48.99999999999999
Minuman,88,1.5,0.6,15.1,18204,17.5
Karbohidrat,273,2.7,24.8,50.4,67877,30.999999999999996
Lainnya,560,29.8,36.8,32.2,57804,55.000000000000014
Lainnya,46,3.1,0.5,6.6,35731,12.3
Protein,133,4.4,5.8,22.7,25309,25.7
Lainnya,536,24.9,22.1,15.8,48159,43.49999999999999
Lainnya,389,9.8,10.4,52.1,75525,61.300000000000004
Lainnya,329,21.0,25.1,25.6,87572,42.49999999999999
Protein,340,10.3,21.5,55.5,98257,54.599999999999994
Minuman,27,3.7,0.2,12.8,28507,20.000000000000004
Lainnya,362,8.7,0.3,78.1,15642,95.2
Sayur,31,1.5,0.1,8.2,30499,11.1
Minuman,31,7.3,2.9,17.9,22862,29.6
Lainnya,394,6.3,20.5,20.9,46832,13.0
Protein,142,21.8,13.8,1.1,162455,30.900000000000002
Lainnya,347,6.6,0.7,80.9,21039,93.4
Protein,185,23.0,10.2,2.8,57679,38.599999999999994
Lainnya,490,34.7,25.9,25.3,22173,68.80000000000001
Sayur,32,3.0,0.9,9.9,6324,15.0
Lainnya,594,23.7,21.8,32.5,87431,58.10000000000001
Minuman,95,6.6,7.5,7.4,32194,13.100000000000001
Protein,155,23.5,1.9,2.0,108839,47.1
Lainnya,465,22.4,23.1,39.0,42687,60.699999999999996
Buah,96,1.2,0.5,27.3,55774,29.2
Lainnya,366,8.4,3.0,80.5,12857,94.3
Lainnya,372,31.6,14.8,15.7,45802,64.10000000000001
Sayur,38,2.3,0.8,10.2,32869,13.999999999999998
Protein,25,2.0,2.0,2.5,14673,4.5
Buah,44,1.2,0.0,17.5,13143,19.9
Minuman,26,3.0,6.5,23.4,21424,22.9
Protein,141,22.3,13.4,2.8,176104,34.0
Lainnya,325,33.8,30.6,17.8,75224,54.79999999999999
Protein,126,21.9,10.5,0.4,67612,33.699999999999996
Buah,80,2.2,0.8,10.1,32987,13.7
Protein,60,5.6,3.9,6.3,17026,13.6
Protein,116,25.9,5.2,2.1,59817,48.699999999999996
Protein,256,21.4,8.6,0.7,98490,34.9
Protein,211,27.0,4.7,1.1,75709,50.4
Sayur,58,3.1,0.3,11.5,33417,17.4
Protein,192,19.1,20.6,0.3,164380,17.9
Buah,78,0.1,0.9,8.8,36539,8.1
Protein,177,18.8,12.5,2.3,177963,27.4
Protein,138,25.2,9.7,1.3,76647,42.0
Protein,184,20.5,2.5,0.1,83976,38.6
Karbohidrat,359,6.2,0.3,75.2,20918,87.30000000000001
Buah,74,0.2,1.2,9.8,38934,9.000000000000002
Lainnya,300,20.8,21.3,40.3,74588,60.60000000000001
Lainnya,78,1.2,1.1,17.0,17230,18.299999999999997
Lainnya,558,25.6,19.6,24.7,46458,56.300000000000004
Sayur,19,3.4,0.4,3.9,5560,10.299999999999999
Karbohidrat,371,6.4,1.4,81.8,15583,93.19999999999999
Protein,135,23.0,4.2,3.6,150923,45.4
Minuman,90,6.5,4.3,28.1,39976,36.800000000000004
Lainnya,89,1.0,2.0,11.7,26682,11.7
Protein,189,27.6,23.0,4.2,140417,36.400000000000006
Protein,386,9.5,28.7,20.4,28978,10.7
Lainnya,492,18.4,41.5,36.2,24335,31.5
Minuman,77,7.7,6.1,4.9,33601,14.200000000000001
Minuman,60,4.0,3.1,8.2,34454,13.1
Protein,206,22.1,14.7,2.1,69188,31.600000000000005
Protein,82,5.5,5.4,10.1,6501,15.700000000000001
Sayur,28,2.9,0.8,3.8,20681,8.799999999999999
Buah,61,0.1,1.0,17.2,15013,16.4
Karbohidrat,154,19.8,9.7,54.2,55201,84.10000000000001
Lainnya,315,19.7,32.5,43.4,56031,50.3
Lainnya,409,33.2,37.3,38.9,69901,68.00000000000001
Protein,237,21.8,12.0,2.7,67816,34.300000000000004
Karbohidrat,320,8.5,12.1,24.3,51805,29.199999999999996
Lainnya,544,20.9,18.4,47.6,39404,71.0
Protein,216,26.8,17.5,1.1,177578,37.2
Protein,126,7.3,2.6,12.4,21247,24.4
Protein,279,25.1,12.1,1.9,63800,40.0
Karbohidrat,425,6.9,24.1,39.3,70750,28.999999999999993
Buah,63,2.5,0.0,8.2,17904,13.2
Lainnya,257,10.0,14.0,53.0,20131,59.0
Lainnya,297,7.6,19.1,48.8,22617,44.9
Karbohidrat,352,6.8,1.6,75.7,18695,87.7
Sayur,24,1.6,0.6,4.8,28165,7.4
Protein,235,20.9,1.8,2.3,71606,42.3
Protein,163,27.1,16.4,0.1,69780,37.900000000000006
Karbohidrat,364,6.3,2.7,79.3,21142,89.19999999999999
Sayur,37,2.8,0.1,3.8,5221,9.299999999999999
Lainnya,74,1.6,0.3,26.7,17392,29.599999999999998
Sayur,22,1.2,0.1,9.7,31108,12.0
Buah,55,0.2,0.1,26.3,39123,26.599999999999998
Buah,110,2.5,0.8,10.2,21133,14.399999999999999
Lainnya,355,8.7,8.9,54.4,77067,62.9
Protein,284,28.1,23.7,0.0,111422,32.5
Lainnya,406,29.9,16.9,47.0,37341,89.9
Buah,30,0.3,1.0,24.4,23254,24.0
Protein,72,2.2,3.4,6.1,35801,7.1
Protein,149,27.4,8.4,0.4,166002,46.8
Protein,297,3.8,9.8,26.4,78228,24.2
Lainnya,560,32.6,41.0,28.4,39997,52.599999999999994
Protein,123,26.0,9.9,4.5,137365,46.6
Protein,187,22.2,5.1,2.9,115340,42.199999999999996
Protein,297,21.6,13.7,0.3,119330,29.8
Protein,213,21.7,7.0,3.7,136177,40.1
Buah,83,0.5,1.9,25.4,57866,24.5
Karbohidrat,163,2.0,21.6,21.2,93101,3.599999999999998
Lainnya,388,33.2,20.9,26.6,58417,72.1
Protein,249,27.9,17.2,1.9,31557,40.5
Protein,131,18.7,5.0,3.9,150952,36.3
Minuman,71,5.1,6.5,16.9,18350,20.599999999999998
Karbohidrat,311,10.6,27.6,51.2,40221,44.800000000000004
Protein,132,3.6,10.2,18.0,94000,15.0
Lainnya,354,7.2,1.4,80.5,14731,93.5
Buah,51,1.3,0.9,28.3,38239,30.000000000000004
Lainnya,260,14.6,18.7,35.4,70487,45.89999999999999
Protein,43,3.9,5.1,13.2,17782,15.9
Sayur,41,4.9,0.1,10.9,37866,20.6
Karbohidrat,277,19.9,11.4,52.5,58193,80.89999999999999
Lainnya,427,12.7,3.3,53.9,53051,76.0
Lainnya,332,15.2,19.6,40.6,65655,51.4
Protein,284,21.3,10.9,2.9,154370,34.6
Sayur,48,1.6,0.4,4.9,16141,7.700000000000001
Lainnya,235,19.3,17.8,55.5,78197,76.3
Sayur,15,4.7,0.2,4.9,27994,14.100000000000001
Buah,109,2.1,0.5,15.5,45889,19.2
Lainnya,438,27.6,26.3,27.1,81180,56.000000000000014
Minuman,89,5.0,1.4,27.0,19577,35.6
Protein,108,15.4,1.1,2.9,108011,32.6
Protein,114,20.5,17.0,1.9,44289,25.9
Karbohidrat,352,8.7,3.0,78.4,18799,92.80000000000001
Minuman,25,1.8,7.0,6.0,19441,2.5999999999999996
Protein,244,18.6,24.9,55.1,86324,67.4
Buah,46,0.9,1.4,23.3,26796,23.700000000000003
Sayur,36,1.6,0.5,7.9,17127,10.600000000000001
Protein,157,24.2,10.1,1.5,57406,39.8
Protein,137,30.0,9.6,3.9,73267,54.3
Lainnya,144,2.6,23.7,21.6,65124,3.1000000000000014
Karbohidrat,349,6.4,1.0,79.1,16553,90.89999999999999
Buah,91,2.1,1.0,10.6,51429,13.8
Protein,24,2.4,0.4,6.1,32179,10.499999999999998
Karbohidrat,435,19.0,7.9,52.3,46236,82.39999999999999
Sayur,27,1.9,0.3,3.3,8649,6.8
Lainnya,589,24.9,18.4,26.2,32306,57.6
Protein,175,15.4,12.8,2.0,86031,19.999999999999996
Lainnya,425,18.7,30.8,36.9,76562,43.5
Protein,116,27.3,12.4,2.2,84003,44.400000000000006
Protein,97,3.0,5.5,26.3,29394,26.799999999999997
Lainnya,59,1.7,0.8,10.9,15350,13.5
Protein,250,23.3,10.2,4.4,95181,40.8
Protein,79,0.1,7.5,16.1,22038,8.8
Protein,117,22.5,1.3,0.3,92703,44.0
Minuman,75,6.0,8.0,21.4,38378,25.4
Protein,201,15.1,8.3,2.0,70103,23.900000000000002
Karbohidrat,343,6.3,0.2,78.6,12046,90.99999999999999
Protein,202,23.6,3.5,0.0,47290,43.7
Sayur,45,1.9,0.3,4.4,35244,7.8999999999999995
Protein,125,21.6,14.1,0.9,168250,30.0
Sayur,27,1.1,0.5,4.6,33449,6.3
Lainnya,401,23.6,28.7,29.0,24473,47.5
Lainnya,508,29.1,44.3,30.6,15240,44.500000000000014
Lainnya,561,28.4,12.6,43.3,42450,87.5
Protein,213,28.3,23.9,0.3,58777,33.0
Minuman,47,2.4,5.1,16.9,27361,16.6
Sayur,60,3.1,0.2,10.4,17443,16.400000000000002
Protein,196,26.6,12.3,1.2,104717,42.10000000000001
Protein,130,28.9,18.2,0.2,89052,39.8
Karbohidrat,253,15.9,11.0,21.6,20232,42.400000000000006
Protein,69,3.4,7.2,28.0,13711,27.599999999999998
Protein,199,23.9,6.9,1.4,57282,42.3
Minuman,91,1.9,3.2,13.2,6056,13.8
Minuman,80,6.2,6.6,19.4,18978,25.199999999999996
Lainnya,389,6.5,28.8,12.7,65393,-3.1000000000000014
Lainnya,363,6.9,2.3,77.8,15293,89.3
Buah,104,1.6,1.0,18.6,13333,20.8
Karbohidrat,365,8.3,2.8,77.7,21809,91.50000000000001
Buah,73,2.0,1.1,29.5,54370,32.4
Protein,255,25.7,23.2,0.6,171706,28.8
Karbohidrat,376,6.9,0.2,81.8,15903,95.39999999999999
Karbohidrat,356,8.7,1.4,77.5,20998,93.5
Lainnya,442,31.2,41.6,47.9,20876,68.69999999999999
Sayur,28,2.9,0.6,4.4,24144,9.6
Karbohidrat,356,7.2,3.0,78.0,14005,89.4
Lainnya,459,21.7,25.8,24.5,39388,42.10000000000001
Lainnya,391,15.4,39.3,35.6,20175,27.10000000000001
Lainnya,348,8.6,3.0,80.5,19742,94.7
Karbohidrat,351,6.3,2.7,76.8,15049,86.69999999999999
Buah,98,2.2,1.0,16.3,14818,19.700000000000003
Minuman,60,6.0,7.1,8.0,32500,12.9
Karbohidrat,224,18.2,21.7,32.9,21197,47.599999999999994
Protein,33,4.9,0.9,5.5,17553,14.4
Lainnya,420,28.1,25.5,36.4,45252,67.1
Protein,266,26.1,16.0,2.4,114382,38.6
Buah,79,2.5,0.9,8.7,18657,12.799999999999999
Karbohidrat,365,7.7,0.4,76.3,19751,91.3
Sayur,22,4.0,0.4,8.4,14014,15.999999999999998
Protein,197,27.0,14.6,1.1,32049,40.5
Protein,242,23.3,20.7,4.6,166894,30.500000000000004
Protein,302,9.7,28.5,12.4,67897,3.299999999999997
Protein,185,17.4,3.6,2.8,49252,33.99999999999999
Buah,60,0.1,1.6,25.0,45840,23.599999999999998
Lainnya,341,6.5,1.0,77.9,12833,89.9
Protein,156,25.3,3.6,4.0,148330,51.0
Protein,124,18.7,13.8,1.7,162435,25.3
Protein,70,5.4,2.8,7.3,20627,15.3
Lainnya,349,8.6,1.3,80.3,15646,96.2
Lainnya,16,3.6,0.3,5.3,29264,12.2
Buah,45,2.7,1.1,18.2,51882,22.5
Karbohidrat,344,8.3,0.4,76.4,14210,92.6
Protein,258,25.1,11.5,3.6,140529,42.300000000000004
Sayur,58,4.0,0.2,11.0,24995,18.8
Minuman,149,5.9,6.0,16.6,37594,22.400000000000002
Lainnya,274,17.3,10.3,12.4,51216,36.7
Lainnya,565,17.5,26.9,10.3,23343,18.4
Minuman,31,2.1,4.4,8.3,11908,8.1
Minuman,109,6.9,0.9,18.5,25605,31.4
Protein,50,4.0,1.3,13.4,25652,20.099999999999998
Lainnya,508,22.2,10.0,21.0,33077,55.400000000000006
Lainnya,510,19.1,10.3,40.6,36761,68.50000000000001
Buah,34,0.4,1.8,8.4,12591,7.400000000000001
Minuman,18,4.7,4.7,29.1,13206,33.8
Minuman,56,2.7,6.5,9.1,6685,8.0
Lainnya,555,18.4,42.0,37.3,80527,32.099999999999994
Buah,74,1.7,0.0,10.1,39822,13.5
Lainnya,359,8.3,0.5,79.6,14015,95.69999999999999
Protein,109,8.7,13.2,14.2,81195,18.4
Minuman,54,4.5,7.0,29.5,32651,31.5
Protein,239,29.6,3.3,3.6,120464,59.50000000000001
Karbohidrat,356,6.0,1.4,77.9,17801,88.5
Lainnya,121,12.7,23.5,15.4,63377,17.299999999999997
Buah,65,2.8,0.6,11.5,17124,16.5
Lainnya,509,21.5,44.3,35.9,16798,34.60000000000001
Buah,38,1.4,1.5,24.4,52246,25.7
Buah,31,0.3,0.9,18.5,21810,18.200000000000003
Karbohidrat,357,7.3,2.9,81.0,17967,92.69999999999999
Protein,201,18.8,24.9,0.8,119447,13.5
Lainnya,43,0.9,1.1,23.7,30745,24.4
Buah,68,0.7,1.8,25.2,15112,24.799999999999997
Lainnya,30,0.7,0.2,9.7,22392,10.9
Sayur,57,4.8,0.9,9.2,5971,17.9
Buah,120,1.8,0.6,18.3,54298,21.3
Lainnya,16,3.5,0.3,3.6,6179,10.299999999999999
Karbohidrat,340,6.2,0.8,79.4,14175,91.00000000000001
Karbohidrat,367,2.7,14.1,30.0,90300,21.299999999999997
Lainnya,414,27.3,27.0,27.5,22159,55.099999999999994
Buah,76,0.5,1.7,29.3,26372,28.6
Protein,175,22.8,3.2,3.5,79531,45.9
Buah,73,1.1,0.8,17.6,21942,19.0
Protein,270,22.0,6.5,4.4,65872,41.9
Karbohidrat,366,6.7,1.8,79.2,21505,90.80000000000001
Sayur,16,3.0,0.1,5.7,23253,11.6
Protein,164,17.9,1.6,1.9,97034,36.099999999999994
Buah,69,1.3,0.0,23.8,11296,26.400000000000002
Sayur,29,2.8,0.9,3.5,16395,8.2
Minuman,35,7.6,5.4,19.9,18145,29.699999999999996
Minuman,114,6.9,1.9,21.4,30738,33.300000000000004
Karbohidrat,365,6.4,2.1,78.9,19759,89.60000000000001
Lainnya,408,17.7,29.9,54.0,61158,59.50000000000001
Sayur,46,1.2,0.2,11.7,10378,13.9
Lainnya,232,12.3,23.9,38.7,38414,39.400000000000006
Minuman,148,1.0,3.8,17.6,39744,15.8
Protein,286,23.3,3.1,4.4,99774,47.9
Lainnya,367,16.6,17.6,29.0,38360,44.6
Lainnya,493,22.1,40.3,39.1,47603,43.000000000000014
Buah,51,1.6,0.2,24.7,47386,27.7
Protein,246,23.1,12.1,1.5,30980,35.6
Minuman,132,6.8,4.3,13.6,25398,22.9
Lainnya,421,27.2,38.6,23.4,37714,39.199999999999996
Lainnya,148,4.5,29.7,43.6,99148,22.900000000000002
Protein,189,26.5,20.2,3.3,52441,36.099999999999994
Karbohidrat,367,7.4,2.1,80.2,13491,92.9
Protein,96,18.9,3.2,0.5,29205,35.099999999999994
Buah,78,0.9,1.8,11.1,50751,11.1
Lainnya,211,7.1,20.1,41.7,21375,35.800000000000004
Protein,140,15.1,6.1,0.1,65867,24.200000000000003
Protein,143,3.1,1.3,7.3,13630,12.2
Protein,257,29.7,19.2,4.1,59045,44.3
Minuman,77,2.1,0.7,16.0,29681,19.5
Protein,228,27.7,10.1,0.8,37641,46.099999999999994
Lainnya,370,32.0,12.1,49.4,64798,101.30000000000001
Sayur,22,3.2,0.1,9.1,12230,15.4
Karbohidrat,344,7.1,0.9,77.1,21564,90.39999999999999
Sayur,40,4.4,0.5,3.8,19284,12.100000000000001
Protein,301,8.6,9.1,56.8,60229,64.9
Lainnya,377,18.7,8.6,13.5,55448,42.3
Protein,128,7.5,2.4,26.6,6953,39.2
Protein,131,19.1,15.7,0.3,72170,22.8
Sayur,44,3.2,0.0,5.4,12303,11.8
Protein,153,16.9,13.0,0.8,79429,21.599999999999994
Protein,291,20.2,22.6,4.8,70435,22.599999999999994
Protein,230,27.9,14.3,2.1,111458,43.599999999999994
Lainnya,402,23.8,35.0,43.9,44462,56.5
Lainnya,254,12.2,27.2,23.0,27858,20.2
Karbohidrat,147,9.2,29.4,23.7,31184,12.699999999999996
Protein,397,5.6,15.2,34.1,94375,30.099999999999998
Buah,61,0.5,0.9,10.6,11179,10.7
Sayur,22,3.3,0.1,3.7,11972,10.200000000000001
Buah,38,0.8,0.9,15.9,29067,16.6
Karbohidrat,371,8.9,2.8,78.2,20223,93.2
Protein,133,26.1,23.0,2.3,82554,31.5
Protein,42,3.3,0.5,6.4,13715,12.5
Buah,94,1.7,0.6,23.1,44308,25.9
Protein,123,20.4,2.7,2.5,94387,40.599999999999994
Protein,137,18.6,16.9,3.2,105703,23.500000000000007
Lainnya,500,31.2,27.9,39.1,15011,73.6
Protein,156,16.5,16.0,1.5,33499,18.5
Lainnya,302,31.3,18.2,48.0,60158,92.39999999999999
Minuman,22,1.5,5.4,4.9,22497,2.5
Karbohidrat,345,7.1,3.0,81.6,17034,92.8
Protein,95,24.5,11.0,1.5,32212,39.5
Karbohidrat,375,8.2,2.6,81.8,12621,95.6
Protein,174,29.4,24.7,1.1,143521,35.2
Lainnya,492,26.2,14.0,26.7,63763,65.1
Lainnya,414,30.9,22.6,37.2,84606,76.4
Protein,137,25.1,12.4,2.5,89826,40.300000000000004
Buah,72,0.4,1.1,12.3,42038,12.000000000000002
Lainnya,94,0.7,1.8,9.0,52761,8.6
Protein,168,21.1,15.5,0.7,64013,27.400000000000006
Sayur,29,2.7,1.0,11.5,35281,15.899999999999999
Lainnya,498,28.2,12.2,40.6,58724,84.8
Lainnya,396,33.9,15.6,24.2,61552,76.4
Karbohidrat,363,8.0,0.0,78.1,19465,94.1
Minuman,121,5.6,6.6,10.6,28577,15.199999999999998
Protein,145,19.7,5.6,0.1,138830,33.9
Protein,265,21.7,6.5,4.7,143375,41.6
Protein,228,22.1,21.4,0.4,158006,23.200000000000003
Lainnya,414,30.7,27.8,44.8,80179,78.39999999999999
Lainnya,351,8.8,2.3,80.7,18163,96.00000000000001
Sayur,23,2.2,0.3,4.4,33746,8.5
Protein,70,0.6,6.4,10.4,19388,5.199999999999999
Protein,410,6.3,19.2,45.5,56526,38.900000000000006
Karbohidrat,371,7.0,2.3,79.3,17247,91.0
Buah,55,0.3,0.9,16.0,28480,15.700000000000001
Karbohidrat,347,6.8,0.3,76.7,20033,90.0
Minuman,96,0.1,6.6,2.9,37041,-3.4999999999999996
Lainnya,108,1.7,1.0,25.6,8472,28.0
Lainnya,207,15.6,2.3,56.2,76815,85.10000000000001
Karbohidrat,376,7.6,1.2,77.7,15798,91.7
Buah,55,2.6,1.3,28.7,24199,32.6
Sayur,25,4.9,0.3,7.9,18175,17.400000000000002
Protein,173,20.0,9.8,0.6,77223,30.8
Lainnya,46,4.0,0.1,10.9,37227,18.799999999999997
Sayur,37,4.9,0.8,8.1,38970,17.099999999999998
Buah,84,2.4,0.8,15.3,41303,19.3
Karbohidrat,262,3.5,21.8,16.2,97385,1.3999999999999986
Lainnya,184,8.4,7.5,48.6,77161,57.900000000000006
Lainnya,376,7.1,0.3,80.2,15900,94.10000000000001
Protein,360,2.3,25.8,52.8,76775,31.599999999999998
Buah,110,1.1,1.7,12.9,29386,13.400000000000002
Protein,176,19.5,15.7,3.6,80416,26.900000000000002
Karbohidrat,424,18.4,25.6,38.3,21203,49.49999999999999
Sayur,39,1.1,0.7,6.8,37705,8.3
Protein,169,22.8,4.5,1.4,95479,42.5
Sayur,45,4.9,0.4,9.2,33330,18.6
Protein,59,4.5,0.2,3.3,34399,12.100000000000001
Protein,139,22.9,14.4,0.4,89142,31.799999999999997
Protein,229,19.1,1.6,1.8,61526,38.4
Protein,166,27.7,10.2,0.6,26519,45.8
Protein,216,20.8,14.8,0.4,89636,27.2
Lainnya,376,8.2,2.9,78.5,13299,92.0
Minuman,16,1.9,6.7,16.9,10133,14.0
Protein,121,22.8,24.8,3.2,111323,24.000000000000004
Sayur,16,4.7,0.8,3.5,15291,12.1
Buah,71,2.5,1.5,9.1,12053,12.6
Buah,58,1.9,0.4,16.4,32353,19.8
Lainnya,217,6.8,17.0,48.3,22547,44.9
Protein,58,1.1,0.7,5.8,30971,7.3
Protein,213,21.8,21.8,3.7,99895,25.500000000000004
Lainnya,325,22.4,24.8,14.4,79254,34.39999999999999
Karbohidrat,370,7.3,2.6,78.2,21365,90.2
Lainnya,372,6.7,0.1,81.2,17430,94.50000000000001
Lainnya,372,7.0,2.7,78.9,14423,90.2
Protein,188,24.1,21.3,2.3,71497,29.2
Protein,269,22.4,9.7,3.0,146143,38.099999999999994
Minuman,32,6.1,1.8,19.4,32726,29.799999999999997
Protein,177,23.0,1.3,2.6,50876,47.300000000000004
Protein,237,27.4,16.0,2.0,122963,40.8
Minuman,144,4.7,5.6,10.0,32403,13.799999999999999
Buah,94,1.5,0.6,25.2,35825,27.599999999999998
Lainnya,364,7.5,2.9,77.0,19662,89.1
Lainnya,504,31.4,35.9,39.2,50397,66.1
Lainnya,392,20.3,35.5,33.3,56638,38.400000000000006
Lainnya,575,18.0,30.6,34.9,71991,40.300000000000004
Protein,54,2.9,0.7,8.8,11143,13.900000000000002
Lainnya,371,29.2,16.6,20.6,82136,62.4
Protein,11,7.9,7.9,15.3,24020,23.200000000000003
Sayur,23,1.9,0.2,8.5,13492,12.100000000000001
Lainnya,155,7.0,10.8,20.6,68893,23.8
Lainnya,439,21.8,38.9,23.6,56358,28.300000000000004
Protein,165,20.4,1.5,2.6,101515,41.9
Protein,106,27.1,1.4,1.5,67745,54.300000000000004
Lainnya,373,8.9,0.2,80.9,19827,98.5
Minuman,124,6.7,4.6,13.2,14436,22.0
Karbohidrat,352,8.2,1.1,75.6,20146,90.9
Buah,61,1.0,0.7,14.2,40875,15.5
Lainnya,178,15.5,28.6,24.8,16891,27.199999999999996
Minuman,100,2.8,0.3,2.8,20197,8.099999999999998
Sayur,23,3.7,0.6,10.5,16674,17.299999999999997
Protein,147,25.1,3.7,1.9,73216,48.4
Karbohidrat,101,11.7,23.1,31.9,51672,32.199999999999996
Lainnya,401,29.8,14.7,25.8,25608,70.7
Karbohidrat,342,6.8,2.3,78.5,18080,89.8
Buah,111,2.5,1.1,19.5,35686,23.4
Protein,221,27.1,14.3,3.5,178294,43.400000000000006
Protein,169,26.7,13.3,1.0,115060,41.099999999999994
Protein,183,25.8,14.9,4.7,161309,41.400000000000006
Protein,187,23.1,11.6,1.7,58687,36.300000000000004
Sayur,19,3.4,0.7,8.7,10829,14.8
Minuman,65,6.0,3.4,27.8,36800,36.4
Buah,51,2.7,1.8,17.7,42025,21.3
Protein,193,10.7,11.1,18.7,44666,28.999999999999993
Lainnya,502,15.5,14.0,14.9,74082,31.9
Karbohidrat,168,13.7,15.4,21.4,38902,33.4
Protein,289,27.1,16.1,3.4,168068,41.5
Lainnya,57,2.9,0.7,5.2,17448,10.3
Sayur,36,2.8,0.3,10.3,26452,15.6
Minuman,120,2.5,2.8,4.7,38954,6.8999999999999995
Lainnya,396,34.6,39.3,47.1,60999,77.00000000000001
Protein,49,4.4,0.9,4.2,20565,12.1
Lainnya,434,8.7,17.4,47.1,78194,47.1
Buah,70,2.6,1.9,12.2,59530,15.499999999999998
Lainnya,319,27.3,23.9,16.1,67448,46.800000000000004
Lainnya,379,8.5,2.4,77.1,14499,91.69999999999999
Lainnya,597,30.9,27.6,30.8,42120,65.0
Sayur,59,2.0,0.2,6.9,29561,10.700000000000001
Buah,115,2.3,1.0,14.9,34062,18.5
Lainnya,59,4.3,0.7,9.0,18566,16.900000000000002
Lainnya,148,15.4,12.4,23.9,63892,42.300000000000004
Protein,157,16.5,16.7,2.3,49740,18.599999999999998
Protein,54,3.8,2.8,26.6,31955,31.400000000000002
Buah,67,1.1,1.6,23.4,41811,23.999999999999996
Buah,54,0.8,0.7,24.9,9588,25.8
Sayur,38,2.2,0.3,10.5,38671,14.6
Karbohidrat,348,8.2,2.6,80.4,20496,94.20000000000002
Karbohidrat,290,8.1,18.7,26.7,83314,24.2
Sayur,45,5.0,0.4,4.2,20243,13.799999999999999
Karbohidrat,364,8.6,2.1,79.6,12094,94.7
Minuman,111,0.8,4.2,24.1,11460,21.500000000000004
Buah,34,0.4,0.7,13.5,30957,13.600000000000001
Lainnya,515,16.7,28.1,17.8,77948,23.1
Lainnya,345,7.3,27.2,21.2,72758,8.599999999999998
Protein,155,19.5,3.2,3.7,164018,39.5
Lainnya,359,8.2,3.0,80.0,12092,93.4
Buah,118,0.4,0.7,26.4,27432,26.5
Protein,11,6.3,2.0,28.8,22378,39.4
Minuman,35,6.7,3.6,16.6,10931,26.4
Lainnya,498,15.5,15.6,30.2,17441,45.6
Lainnya,349,7.5,1.5,77.3,21677,90.8
Minuman,27,0.5,0.5,14.5,11132,15.0
Lainnya,137,9.0,15.1,23.3,33008,26.199999999999996
Lainnya,322,30.0,41.6,40.3,31107,58.699999999999996
Protein,167,4.1,5.3,25.9,26141,28.799999999999994
Protein,29,2.2,0.9,8.7,26032,12.2
Lainnya,489,17.2,26.3,34.4,30229,42.5
Protein,57,2.4,0.1,3.1,27932,7.800000000000001
Lainnya,370,7.7,2.1,76.6,21656,89.9
Sayur,18,4.4,0.3,5.1,37320,13.6
Buah,104,1.8,0.6,24.7,52399,27.7
Protein,93,19.8,15.0,2.7,112121,27.300000000000004
Sayur,27,2.3,0.8,9.4,29185,13.2
Protein,144,23.3,8.0,0.2,62715,38.800000000000004
Sayur,45,4.4,0.7,5.3,8904,13.400000000000002
Karbohidrat,362,7.4,0.2,78.2,14535,92.8
Sayur,56,4.1,0.8,9.1,36618,16.499999999999996
Protein,230,28.5,18.3,4.9,163478,43.599999999999994
Protein,299,23.1,24.2,1.8,121903,23.8
Sayur,40,2.4,0.9,8.0,14876,11.9
Lainnya,244,2.8,6.4,33.9,11190,33.1
Protein,181,25.5,5.2,1.4,91084,47.199999999999996
Sayur,15,4.8,0.5,5.3,26340,14.399999999999999
Protein,142,4.4,6.6,13.5,39093,15.700000000000001
Buah,62,2.6,0.5,20.3,49259,25.0
Buah,68,2.5,1.9,10.1,28784,13.2
Minuman,13,0.7,0.9,15.0,36178,15.499999999999998
Karbohidrat,352,7.3,0.1,79.8,19684,94.3
Protein,255,25.1,5.1,1.9,51887,47.0
Karbohidrat,363,6.6,2.2,81.4,20508,92.4
Lainnya,441,16.7,32.7,26.2,75206,26.89999999999999
Lainnya,360,25.6,33.1,47.9,82942,66.0
Protein,233,25.5,6.8,2.6,52556,46.800000000000004
Sayur,53,1.9,0.5,7.6,14024,10.899999999999999
Protein,120,15.4,5.5,2.1,68232,27.4
Sayur,26,1.3,0.2,9.6,18376,12.0
Buah,38,0.6,1.4,11.9,52885,11.7
Sayur,45,3.3,0.5,4.4,7105,10.5
Lainnya,133,6.8,26.3,14.6,44428,1.8999999999999986
Karbohidrat,382,15.8,18.3,34.0,86520,47.3
Protein,122,15.5,17.4,0.9,114969,14.5
Protein,236,25.3,4.2,0.9,77532,47.3
Protein,238,27.4,14.4,2.1,154928,42.5
Buah,49,2.3,1.3,18.3,18744,21.599999999999998
Karbohidrat,363,8.9,0.5,79.2,15076,96.5
Sayur,49,1.8,0.7,5.7,5659,8.600000000000001
Protein,254,20.9,20.1,1.9,165043,23.599999999999994
Protein,221,15.1,14.0,1.4,26989,17.599999999999998
Lainnya,314,6.8,3.8,35.8,17018,45.6
Protein,157,27.8,9.4,3.8,111963,50.0
Sayur,28,1.0,0.6,11.2,9350,12.6
Protein,276,20.1,18.6,3.0,51299,24.6
Protein,235,29.6,13.7,2.1,84416,47.60000000000001
Karbohidrat,342,6.5,0.9,77.0,20079,89.1
Protein,175,27.7,9.9,1.5,129322,47.0
Protein,232,22.8,2.5,2.4,85854,45.5
Lainnya,345,2.8,23.8,54.9,45769,36.7
Lainnya,158,11.1,3.0,42.6,37705,61.8
Lainnya,231,12.6,13.7,34.3,55115,45.8
Protein,267,23.5,8.7,1.8,122779,40.099999999999994
Karbohidrat,366,8.6,1.5,78.5,13496,94.2
Karbohidrat,376,6.1,1.6,80.7,14551,91.30000000000001
Protein,229,23.5,10.8,4.9,121463,41.099999999999994
Protein,171,17.6,17.7,0.0,69590,17.500000000000004
Karbohidrat,342,7.0,1.5,80.3,14625,92.8
Lainnya,350,7.2,2.7,78.8,12861,90.5
Sayur,50,1.3,0.2,11.9,13119,14.3
Lainnya,345,8.2,2.8,81.2,15579,94.8
Protein,233,19.4,16.1,0.5,68158,23.199999999999996
Protein,188,23.2,17.7,0.9,54015,29.599999999999998
Protein,214,22.0,3.8,0.2,153496,40.400000000000006
Karbohidrat,261,14.8,25.9,10.3,34705,14.000000000000007
Minuman,82,7.4,1.7,5.7,24033,18.8
Buah,87,2.7,0.4,15.1,22812,20.1
Karbohidrat,371,6.1,0.4,80.0,16777,91.8
Buah,82,2.5,1.8,18.6,49704,21.8
Protein,131,16.3,10.2,0.0,58484,22.400000000000002
Lainnya,410,15.7,24.8,53.3,39119,59.89999999999999
Lainnya,366,29.6,30.5,34.0,27324,62.7
Protein,90,17.8,4.3,0.4,100354,31.7
Protein,112,26.0,14.1,2.6,117704,40.5
Buah,61,2.5,0.4,13.8,14398,18.400000000000002
Protein,144,28.4,7.0,4.9,101270,54.699999999999996
Lainnya,372,7.2,1.6,77.1,21938,89.9
Protein,83,7.4,3.1,8.2,19635,19.9
Buah,85,2.3,0.6,13.9,30230,17.9
Karbohidrat,359,6.4,2.2,75.9,19857,86.5
Protein,194,16.5,2.0,2.4,50018,33.4
Protein,213,22.6,17.1,1.1,83816,29.200000000000003
Protein,167,29.5,9.6,0.1,59097,49.5
Buah,107,0.8,0.4,22.1,50870,23.300000000000004
Buah,39,0.4,1.9,14.4,58873,13.3
Protein,217,27.8,1.3,0.9,62924,55.2
Protein,195,22.6,10.6,0.8,78407,35.4
Lainnya,375,8.7,1.3,75.3,16502,91.39999999999999
Minuman,68,7.5,0.1,9.9,32728,24.799999999999997
Protein,119,15.9,11.9,0.0,51466,19.9
Protein,160,22.6,5.8,2.6,48318,42.00000000000001
Protein,195,15.0,10.1,0.7,80366,20.6
Buah,94,1.2,0.8,9.7,25185,11.299999999999999
Lainnya,336,17.3,26.2,12.5,44951,20.900000000000002
Lainnya,593,31.1,31.6,18.5,22281,49.1
Buah,74,2.7,0.7,11.5,35921,16.2
Karbohidrat,348,6.4,0.0,77.7,19152,90.5
Protein,193,18.9,2.1,0.6,115343,36.3
Lainnya,432,21.0,32.8,35.2,86071,44.400000000000006
Lainnya,481,22.6,37.1,41.0,53768,49.1
Protein,133,16.3,15.6,0.0,25999,17.0
Karbohidrat,178,17.3,19.1,15.3,51424,30.800000000000004
Sayur,23,2.2,0.9,12.0,16969,15.499999999999998
Lainnya,385,18.7,4.6,14.9,12794,47.699999999999996
Lainnya,309,25.2,34.0,23.2,17933,39.599999999999994
Lainnya,426,15.9,5.2,48.4,14555,75.0
Protein,95,21.3,10.8,1.1,94496,32.900000000000006
Buah,111,0.7,0.3,20.6,51132,21.7
Protein,19,2.2,5.0,13.2,24811,12.600000000000001
Buah,56,2.9,0.4,22.9,27208,28.3
Protein,224,27.8,6.6,4.8,69479,53.8
Protein,247,18.5,1.2,1.8,76852,37.599999999999994
Buah,96,0.0,0.0,27.1,26686,27.1
Protein,140,17.5,9.6,1.3,112371,26.699999999999996
Protein,183,25.9,3.7,2.7,87681,50.8
Lainnya,288,2.5,19.3,56.9,63960,42.599999999999994
Lainnya,584,32.0,42.8,19.2,35784,40.400000000000006
Buah,118,1.6,1.7,25.2,51539,26.7
Protein,98,1.4,2.8,29.8,11589,29.8
Protein,91,19.5,11.3,1.0,56052,28.7
Protein,277,27.8,22.3,2.3,156232,35.599999999999994
Protein,371,16.7,9.2,59.0,55787,83.2
Lainnya,544,25.1,35.9,22.5,70244,36.800000000000004
Protein,171,20.2,5.9,4.3,157877,38.8
Protein,155,24.8,14.0,1.0,69580,36.6
Lainnya,356,8.5,1.2,80.6,13674,96.39999999999999
Lainnya,362,7.9,1.7,79.4,21194,93.5
Buah,86,2.4,1.9,13.7,15688,16.6
Sayur,39,3.5,0.7,7.5,20256,13.8
Protein,147,25.2,10.1,1.5,47567,41.8
Buah,40,2.3,0.4,11.3,52000,15.5
Buah,113,3.0,1.8,12.4,27384,16.599999999999998
Protein,156,21.8,11.3,1.6,116257,33.900000000000006
Protein,117,26.3,5.1,1.8,110284,49.3
Lainnya,352,7.9,2.2,77.2,20655,90.8
Lainnya,104,2.2,0.6,16.9,52583,20.699999999999996
Protein,114,21.3,13.1,0.2,26856,29.700000000000003
Lainnya,472,17.5,27.7,32.2,32947,39.5
Protein,301,7.0,2.0,48.0,54916,60.0
Lainnya,322,26.8,20.5,25.4,56844,58.5
Buah,111,1.2,1.9,26.6,30864,27.1
Sayur,24,1.8,0.4,11.9,11700,15.1
Buah,37,2.9,0.8,21.2,20658,26.2
Protein,250,18.5,10.8,4.8,72712,30.999999999999996
Protein,67,5.9,4.9,21.3,24388,28.200000000000003
Protein,92,16.0,14.6,0.2,54650,17.6
Minuman,46,4.7,7.9,20.1,32615,21.6
Sayur,19,1.5,0.2,6.2,38311,9.0
Karbohidrat,369,6.8,2.3,81.3,15578,92.6
Buah,34,0.1,1.9,11.0,23137,9.299999999999999
Lainnya,385,18.3,17.2,47.6,16872,67.0
Protein,150,21.4,12.2,1.4,80200,31.999999999999996
Lainnya,276,5.2,3.3,25.7,61144,32.800000000000004
Lainnya,587,21.2,37.5,35.5,61946,40.400000000000006
Protein,108,19.7,10.5,0.0,88260,28.9
Karbohidrat,375,7.8,2.7,78.3,14663,91.19999999999999
Protein,213,26.8,9.0,3.3,62395,47.9
Protein,232,22.4,9.0,1.1,103108,36.9
Lainnya,102,2.3,15.2,36.8,16012,26.2
Protein,143,18.4,16.8,0.9,94240,20.899999999999995
Protein,294,11.1,27.9,59.5,46152,53.800000000000004
Lainnya,424,19.0,39.7,40.8,78404,39.099999999999994
Minuman,63,2.9,7.4,28.6,31249,27.0
Minuman,131,1.8,0.9,8.0,39267,10.7
Lainnya,362,6.9,0.6,78.7,19934,91.9
Lainnya,600,15.5,12.3,10.9,83936,29.599999999999998
Lainnya,345,8.3,0.2,80.7,15822,97.10000000000001
Protein,145,6.3,9.4,12.8,30987,15.999999999999998
Protein,367,10.3,13.1,52.4,22468,59.9
Lainnya,489,27.7,20.6,43.7,67803,78.5
Minuman,97,1.8,5.1,13.3,30227,11.800000000000002
Buah,111,2.2,1.6,22.5,52175,25.299999999999997
Karbohidrat,332,9.5,6.6,21.0,71755,33.4
Karbohidrat,349,7.7,3.0,81.2,15365,93.60000000000001
Protein,220,24.5,24.0,1.9,113801,26.9
Karbohidrat,357,7.4,1.7,81.9,13760,95.0
Lainnya,480,25.6,24.2,37.9,57314,64.89999999999999
Sayur,39,3.9,0.2,9.2,34901,16.8
Lainnya,345,7.1,1.3,81.6,19102,94.5
Protein,136,21.1,5.3,0.8,42458,37.7
Protein,234,23.2,17.1,3.5,153201,32.8
Lainnya,168,2.3,27.3,48.0,42645,25.3
Protein,133,2.4,3.8,3.1,16839,4.1000000000000005
Buah,30,0.1,0.7,19.9,48354,19.4
Buah,97,2.1,1.0,20.3,54541,23.5
Lainnya,355,7.3,2.4,81.4,13325,93.6
Lainnya,448,32.7,41.1,33.3,23489,57.6
Protein,264,23.6,15.0,4.6,94890,36.800000000000004
Lainnya,276,6.8,12.3,34.4,25117,35.7
Protein,153,26.6,22.2,4.8,50129,35.8
Sayur,36,1.6,0.7,5.7,10772,8.200000000000001
Karbohidrat,355,7.4,0.6,81.6,14543,95.8
Protein,192,20.9,5.6,2.1,113427,38.3
Protein,25,4.4,0.8,3.4,28789,11.4
Protein,122,1.5,7.5,29.6,8447,25.1
Protein,204,27.2,9.5,0.6,84002,45.5
Karbohidrat,343,8.4,0.3,78.5,13117,95.0
Minuman,15,7.8,7.4,11.8,9817,20.0
Buah,44,2.2,0.3,27.0,31505,31.099999999999998
Lainnya,378,34.2,17.3,13.5,41733,64.60000000000001
Karbohidrat,348,6.5,0.6,77.2,20933,89.60000000000001
Protein,206,15.3,12.1,0.4,49917,18.9
Karbohidrat,302,7.7,13.5,30.3,84800,32.2
Lainnya,391,19.9,22.4,31.9,78651,49.29999999999999
Protein,11,4.6,0.5,17.6,39984,26.3
Karbohidrat,354,6.2,2.3,76.6,21714,86.7
Buah,49,0.1,1.2,9.3,37301,8.3
Protein,23,2.0,0.9,8.3,39093,11.4
Minuman,79,7.8,3.9,15.6,28191,27.3
Minuman,135,3.1,0.8,7.2,19612,12.6
Lainnya,431,5.3,10.4,55.9,63542,56.1
Minuman,137,2.6,3.5,10.7,6771,12.399999999999999
Sayur,34,3.4,0.3,9.3,14721,15.8
Protein,225,29.0,5.5,3.4,163804,55.9
Lainnya,26,4.5,0.8,10.9,15545,19.099999999999998
Karbohidrat,344,8.3,2.1,79.5,17995,94.0
Lainnya,529,20.8,11.0,48.8,61180,79.4
Protein,247,23.1,16.5,3.9,173359,33.6
Protein,265,20.7,12.3,0.7,171040,29.8
Protein,191,17.0,16.0,1.4,75809,19.4
Protein,163,22.3,13.0,1.8,69693,33.4
Minuman,78,3.3,0.2,10.0,8492,16.400000000000002
Buah,34,0.8,0.1,29.2,39721,30.7
Lainnya,58,2.4,0.9,20.2,15744,24.1
Karbohidrat,346,7.9,0.5,79.5,16469,94.8
Protein,141,18.9,15.2,2.0,118468,24.599999999999998
Lainnya,467,20.3,32.1,17.6,81479,26.1
Sayur,19,4.1,0.9,9.1,31759,16.4
Protein,246,24.3,18.3,1.8,68192,32.099999999999994
Lainnya,302,33.2,13.8,47.0,24759,99.60000000000001
Minuman,23,0.3,2.5,8.0,12644,6.1
Protein,275,23.8,18.8,3.7,147539,32.5
Sayur,45,2.5,0.6,6.3,6035,10.700000000000001
Lainnya,455,15.0,32.9,24.7,74528,21.800000000000004
Minuman,94,2.2,4.0,21.9,12999,22.299999999999997
Protein,195,27.9,17.1,2.6,146655,41.3
Protein,86,6.0,4.4,3.1,36576,10.7
Buah,101,2.6,0.7,15.1,32170,19.6
Minuman,72,6.7,7.3,4.0,26143,10.099999999999998
Protein,253,29.3,12.2,3.0,78236,49.400000000000006
Sayur,51,3.6,0.3,11.6,9156,18.5
Lainnya,388,24.5,41.7,25.3,46785,32.599999999999994
Protein,189,27.1,3.4,0.2,31911,51.00000000000001
Minuman,30,7.4,7.7,7.4,19472,14.500000000000004
Lainnya,356,6.7,2.7,80.3,13350,91.0
Lainnya,28,3.3,0.2,4.9,25973,11.3
Lainnya,385,17.7,24.7,21.4,85932,32.099999999999994
Lainnya,37,1.6,2.0,14.3,19229,15.5
Lainnya,21,3.6,0.3,8.4,21119,15.3
Minuman,89,6.6,3.5,26.7,25415,36.4
Lainnya,363,6.1,1.6,80.4,15747,91.00000000000001
Lainnya,506,29.1,19.8,10.8,89739,49.2
Protein,173,19.4,1.8,0.4,114702,37.4
Sayur,60,3.8,0.7,10.3,6543,17.2
Protein,214,18.4,7.2,0.6,101493,30.2
Protein,236,11.6,4.1,22.7,75272,41.8
Protein,286,25.9,6.4,4.4,147618,49.8
Karbohidrat,359,6.1,0.9,75.9,15347,87.2
Lainnya,437,15.2,10.7,44.7,34230,64.39999999999999
Minuman,103,2.0,4.2,14.1,36474,13.900000000000002
Buah,116,1.6,0.5,16.5,30511,19.2
Protein,154,12.3,24.9,13.0,22662,12.700000000000003
Buah,36,0.1,0.5,26.3,46546,26.0
Protein,163,19.3,13.7,4.9,94798,29.8
Sayur,60,3.1,0.4,11.0,12779,16.8
Lainnya,577,34.6,16.1,44.1,67745,97.20000000000002
Sayur,44,3.8,0.7,9.6,8879,16.5
Minuman,43,3.3,4.9,3.6,16206,5.299999999999999
Protein,269,25.9,6.1,1.7,67318,47.4
Protein,135,27.9,11.3,4.5,94434,49.0
Protein,124,29.7,5.1,3.0,175819,57.3
Protein,17,2.6,0.1,26.4,14718,31.499999999999996
Sayur,50,1.9,0.3,10.0,21789,13.5
Buah,57,0.9,1.1,19.2,17634,19.9
Protein,265,22.8,18.2,2.6,112610,30.000000000000004
Protein,75,3.1,0.2,24.9,28206,30.9
Protein,120,25.2,4.9,1.4,50515,46.9
Sayur,15,4.4,0.6,11.8,17174,20.0
Protein,148,20.7,1.7,2.7,87197,42.4
Sayur,29,3.3,0.1,3.3,6755,9.799999999999999
Karbohidrat,358,6.7,1.9,77.7,12450,89.2
Buah,54,2.2,1.3,19.2,27752,22.3
Lainnya,349,7.7,0.8,81.5,14706,96.10000000000001
Buah,120,1.7,0.9,23.3,17746,25.8
Sayur,60,4.2,0.9,9.3,9604,16.800000000000004
Buah,38,3.0,1.3,29.2,33590,33.900000000000006
Sayur,29,5.0,0.5,5.6,20151,15.1
Karbohidrat,346,6.5,2.4,77.3,20076,87.89999999999999
Buah,71,0.3,0.8,28.6,58397,28.400000000000002
Sayur,20,4.1,0.3,4.4,27580,12.299999999999999
Lainnya,349,7.2,1.7,75.4,21595,88.10000000000001
Lainnya,426,34.0,24.5,36.3,81305,79.8
Minuman,101,2.2,1.3,22.5,23957,25.599999999999998
Protein,146,1.5,4.7,3.9,20905,2.2
Lainnya,417,27.7,34.1,37.1,69790,58.4
Sayur,50,4.6,0.4,10.2,25365,19.0
Lainnya,286,11.8,8.3,49.4,55293,64.7
Minuman,137,3.4,0.2,5.2,17864,11.8
Protein,210,23.3,7.7,1.6,88948,40.5
Sayur,40,4.3,0.1,6.5,11763,15.0
Protein,296,21.1,16.7,0.1,124472,25.600000000000005
Lainnya,349,6.1,1.5,79.0,17477,89.7
Lainnya,404,18.2,38.5,36.8,26771,34.69999999999999
Minuman,49,4.6,3.8,15.0,23589,20.4
Lainnya,19,3.5,0.2,6.3,20483,13.100000000000001
Karbohidrat,102,8.5,11.8,57.9,11335,63.10000000000001
Sayur,57,2.4,0.6,4.9,34158,9.1
Protein,169,22.5,19.4,0.9,139126,26.5
Buah,33,1.0,1.5,8.6,12505,9.1
Karbohidrat,126,14.4,16.7,17.2,19708,29.3
Protein,255,12.8,5.1,47.7,39268,68.20000000000002
Karbohidrat,368,8.4,1.4,76.6,14115,91.99999999999999
Protein,148,16.6,17.2,0.8,113391,16.8
Protein,108,27.4,14.1,0.4,98332,41.099999999999994
Sayur,56,4.0,0.7,5.6,8826,12.9
Lainnya,412,22.1,19.1,31.4,32178,56.49999999999999
Protein,375,11.8,24.3,47.5,67036,46.8
Protein,188,26.9,6.0,0.6,129236,48.4
Lainnya,347,7.8,1.7,76.8,17094,90.69999999999999
Lainnya,415,15.3,33.2,16.9,62377,14.299999999999997
Lainnya,598,33.1,27.4,17.4,45759,56.199999999999996
Protein,191,29.0,14.1,1.9,132439,45.8
Lainnya,42,1.1,0.0,5.4,29347,7.6000000000000005
Sayur,58,3.0,1.0,3.5,21282,8.5
Lainnya,376,7.8,0.7,76.5,17117,91.39999999999999
Buah,83,2.0,0.5,25.2,40834,28.7
Buah,105,0.7,1.7,24.9,9904,24.599999999999998
Karbohidrat,313,3.3,15.3,38.1,37865,29.400000000000002
Karbohidrat,364,6.4,2.9,76.0,17726,85.89999999999999
Protein,138,15.0,21.5,40.5,45317,49.0
Karbohidrat,341,6.3,1.2,78.1,12411,89.49999999999999
Protein,201,21.8,19.6,3.4,172963,27.4
Protein,133,8.5,17.2,19.6,26787,19.400000000000002
Buah,118,2.9,1.3,12.3,55937,16.8
Protein,292,18.6,11.3,4.1,138737,30.000000000000004
Buah,66,2.7,1.8,23.0,8027,26.599999999999998
Lainnya,454,31.6,33.6,48.1,80836,77.70000000000002
Lainnya,79,2.2,1.7,23.9,56079,26.599999999999998
Protein,230,26.6,17.7,1.1,75408,36.60000000000001
Lainnya,480,26.3,21.4,42.3,23165,73.5
Lainnya,370,23.0,26.4,22.3,57155,41.9
Lainnya,527,21.1,35.9,34.2,60626,40.50000000000001
Protein,380,11.0,8.8,41.6,93634,54.8
Sayur,47,1.6,0.9,11.4,30085,13.700000000000001
Protein,263,18.9,8.2,1.0,53967,30.599999999999998
Lainnya,356,9.0,0.3,79.2,19432,96.9
Lainnya,340,23.9,24.9,18.5,26385,41.4
Buah,68,0.2,1.4,26.1,40324,25.1
Protein,61,2.4,5.4,7.1,23272,6.499999999999998
Lainnya,39,2.5,0.4,18.7,49867,23.3
Lainnya,150,6.6,29.4,10.2,52422,-6.0
Lainnya,477,25.0,18.0,37.8,15663,69.8
Protein,164,21.5,12.6,2.9,88974,33.3
Protein,168,24.9,12.6,2.4,65746,39.599999999999994
Protein,187,15.2,14.8,1.6,25103,17.2
Buah,78,0.6,1.6,23.7,51654,23.299999999999997
Buah,42,1.7,1.1,16.7,12558,18.999999999999996
Minuman,57,1.1,2.2,26.1,35813,26.1
Lainnya,359,6.2,2.0,77.2,18392,87.60000000000001
Sayur,16,4.6,0.1,5.8,12545,14.9
